<?xml version="1.0" encoding="utf-8"?>
<DSC>
    <Name>110kV上代线20#塔</Name>
   <Channel_1>
        <CamID>1</CamID>
        <CamName>110kV上代线20#塔-主拍</CamName>
        <Text_X>100</Text_X>
        <Text_Y>70</Text_Y>
		<Text_Size>50</Text_Size>
        <Text_Color>black</Text_Color>
        <Rotation>180</Rotation>
		<Resolution>8</Resolution>
    </Channel_1>	
    <!--  主拍通道对应镜头，叠加字符，字符叠加坐标，无字符叠加名称无内容  -->
	<Channel_2>
        <CamID>2</CamID>
        <CamName>110kV上代线20#塔-长焦</CamName>
        <Text_X>100</Text_X>
        <Text_Y>70</Text_Y>
		<Text_Size>50</Text_Size>
        <Text_Color>black</Text_Color>
        <Rotation>180</Rotation>
		<Resolution>8</Resolution>
    </Channel_2>
	<Channel_3>
        <CamID>3</CamID>
        <CamName>110kV上代线20#塔-副拍</CamName>
        <Text_X>100</Text_X>
        <Text_Y>70</Text_Y>
		<Text_Size>50</Text_Size>
        <Text_Color>black</Text_Color>
        <Rotation>0</Rotation>
		<Resolution>8</Resolution>
    </Channel_3>
    
    <data>1</data>
    <!--  0表示关闭，1打开  -->
    <time>1</time>
    <DTxy>x="10" y="10"</DTxy>
    <!--  日期+时间在照片上叠加位置坐标，时间坐标自动累加在日期后面  -->
    <gps>31.1506170000,121.5603920000</gps>
    <!--  需要确定哪个数值在前  -->
    <SoundVolume>10</SoundVolume>
    <!--  需要确定最大值  -->
    <SoundPlayTime>60</SoundPlayTime>
    <!--  秒  -->
    <Bs_Manufacturer>kooling</Bs_Manufacturer>
    <Bs_Production_Data>20170130</Bs_Production_Data>
    <Resolution>1920*1080</Resolution>
    <Capture_Time>
        <!--  Unit:minute -->
        <Interval>120</Interval>
        <Start_Time>06:30</Start_Time>
        <End_Time>21:30</End_Time>
        
        <Interval2>120</Interval2>
        <Start_Time2>06:30</Start_Time2>
        <End_Time2>21:30</End_Time2>
        
        <Interval3>120</Interval3>
        <Start_Time3>06:30</Start_Time3>
        <End_Time3>21:30</End_Time3>
    </Capture_Time>
    <WireTemp_Time>
        <!--  Unit:minute -->
        <Interval>120</Interval>
        <Start_Time>06:30</Start_Time>
        <End_Time>06:30</End_Time>
    </WireTemp_Time>
    <HeartBeat_Time>
        <!--  Unit:minute -->
        <Interval>10</Interval>
    </HeartBeat_Time>
    <Version>1.02</Version>
</DSC>
